,,,,dev_acc,dev_acc,dev_bertscore_correct_normalized,dev_bertscore_correct_normalized,seed,seed
,,,,mean,std,mean,std,mean,std
task_name,model_type,io_format,n_shots,,,,,,
sbic,allenai/unifiedqa-t5-base,unified_qa_what_with_tags,24,54.67619047619048,2.2100368862416646,51.16543371308418,2.260149205336896,4633.966666666666,2928.4209907198942
sbic,allenai/unifiedqa-t5-large,unified_qa_what_with_tags,24,61.804761904761904,2.7432002100266484,58.91053489900771,2.8564225246522157,4633.966666666666,2928.4209907198947
