task_name,model_type,io_format,n_shots,dev_acc,dev_acc_std,dev_bertscore_correct_normalized,dev_bertscore_correct_normalized_std,seed,seed_std
ecqa,allenai/unifiedqa-t5-base,unifiedqa_matching,48,34.03225806451613,2.9590600604975568,27.663198353233422,2.407598336200579,4571.225806451613,2901.2252774132808
ecqa,allenai/unifiedqa-t5-large,unifiedqa_matching,48,31.62857142857143,3.462648115646335,26.026551104443413,2.8025853494428885,4633.966666666666,2928.4209907198947
esnli,t5-base,standard,16,72.04501915708812,3.579131006653675,65.84246440779889,3.3112752423045584,4633.966666666666,2928.4209907198947
esnli,t5-large,standard,16,84.94252873563218,1.8084433241860394,77.76904511554488,1.65635994389147,4633.966666666666,2928.4209907198947
sbic,allenai/unifiedqa-t5-base,unified_qa_what_with_tags,24,56.476190476190474,2.6927297767866816,53.10397365008082,2.724667601107394,4633.966666666666,2928.4209907198947
sbic,allenai/unifiedqa-t5-large,unified_qa_what_with_tags,24,59.919047619047625,2.878062304812995,56.882211554901936,2.9732091155676565,4633.966666666666,2928.4209907198942
sensemaking,allenai/unifiedqa-t5-base,unifiedqa_what,24,55.371428571428574,2.514610368650071,50.61706849052793,2.2975399333623816,4633.966666666666,2928.4209907198942
sensemaking,allenai/unifiedqa-t5-large,unifiedqa_what,24,67.08095238095238,3.407112075998191,61.57371341245515,3.1420164041257928,4633.966666666666,2928.4209907198947
