,,,,dev_acc,dev_acc,dev_bertscore_correct_normalized,dev_bertscore_correct_normalized
,,,,mean,std,mean,std
task_name,model_type,io_format,n_shots,,,,
ecqa,allenai/unifiedqa-t5-base,unifiedqa_matching,48,40.61904761904761,2.2672868299271265,33.02737963256382,1.8429667094763567
ecqa,allenai/unifiedqa-t5-large,unifiedqa_matching,48,59.423809523809524,2.271079138540694,48.31367016179221,1.8451277016277254
sbic,allenai/unifiedqa-t5-base,unified_qa_what_with_tags,24,0.443609022556391,0.3190841379537285,0.37121769763473283,0.2656224459203248
sbic,allenai/unifiedqa-t5-large,unified_qa_what_with_tags,24,0.2084942084942085,0.22671688426105324,0.17467820736432166,0.18977680133927205
sensemaking,allenai/unifiedqa-t5-base,unifiedqa_what,24,0.0,0.0,0.0,0.0
sensemaking,allenai/unifiedqa-t5-large,unifiedqa_what,24,19.652380952380952,1.4920119883039245,16.441438223634446,1.2459587519905526
