task_name,model_type,io_format,n_shots,dev_acc,dev_bertscore_correct_normalized
ecqa,t5-base,record,48,15.202059202059202,12.361894414845274
ecqa,t5-large,record,48,44.38665526090676,38.425584356839884
esnli,t5-base,standard,16,72.72550165595169,66.4026665369391
esnli,t5-large,standard,16,84.06432748538012,76.99599136452109
sbic,t5-base,cola,24,35.01754385964912,34.637216450576496
sbic,t5-large,cola,24,59.71732522796353,57.288215845008025
sensemaking,t5-base,copa_bool,24,55.01428571428571,50.00306318913188
sensemaking,t5-large,copa_bool,24,47.09047619047619,43.145647679624105
