,,,,dev_acc,dev_acc,dev_bertscore_correct_normalized,dev_bertscore_correct_normalized
,,,,mean,std,mean,std
task_name,model_type,io_format,n_shots,,,,
ecqa,allenai/unifiedqa-t5-base,unifiedqa_matching,48,38.666666666666664,1.1648674172510962,31.429720382463366,0.9383364922015914
ecqa,allenai/unifiedqa-t5-large,unifiedqa_matching,48,55.330049261083744,1.7933740931460547,44.97592211944129,1.457175551858148
esnli,t5-base,standard,16,75.71839080459769,1.8530212760683045,63.02366552453389,1.5287819333509354
sbic,allenai/unifiedqa-t5-base,unified_qa_what_with_tags,24,0.5714285714285714,0.0,0.48615782601492746,0.0
sensemaking,allenai/unifiedqa-t5-base,unifiedqa_what,24,0.0,0.0,0.0,0.0
sensemaking,allenai/unifiedqa-t5-large,unifiedqa_what,24,0.9142857142857143,0.9107072828862417,0.760825058392116,0.7557495788973136
