,,,,dev_acc,dev_acc,dev_bertscore_correct_normalized,dev_bertscore_correct_normalized,seed,seed
,,,,mean,std,mean,std,mean,std
task_name,model_type,io_format,n_shots,,,,,,
ecqa,allenai/unifiedqa-t5-base,unifiedqa_matching,48,11.142857142857142,3.1428571428571423,9.458971900599344,2.7895180753299167,5321.5,1682.5
esnli,t5-base,standard,16,34.91379310344828,0.4310344827586192,28.619417051474255,0.8441635418212279,5321.5,1682.5
sbic,allenai/unifiedqa-t5-base,unified_qa_what_with_tags,24,63.857142857142854,1.857142857142854,57.419477513858254,1.3150168146405896,5321.5,1682.5
sensemaking,allenai/unifiedqa-t5-base,unifiedqa_what,24,63.71428571428571,9.142857142857139,55.928978673049386,9.162489099161963,5321.5,1682.5
