task_name,model_type,io_format,n_shots,dev_acc,dev_acc_std,dev_bertscore_correct_normalized,dev_bertscore_correct_normalized_std,seed,seed_std
ecqa,allenai/unifiedqa-t5-base,unifiedqa_matching,48,38.24824355971897,2.534195922272362,31.091276392166176,2.0624139308087464,4678.5901639344265,2924.8146046166175
ecqa,allenai/unifiedqa-t5-large,unifiedqa_matching,48,39.238095238095234,3.731340576030425,31.946050932293847,3.0279655470085762,4633.966666666666,2928.4209907198947
esnli,t5-base,standard,16,56.968390804597696,3.6561787001290096,51.665478806614416,3.4036453952584735,4633.966666666666,2928.4209907198942
esnli,t5-large,standard,16,84.96647509578544,1.9877440700856757,77.75294832057423,1.8143791331036778,4633.966666666666,2928.4209907198942
sbic,allenai/unifiedqa-t5-base,unified_qa_what_with_tags,24,52.82380952380952,3.8393209669847024,50.687459946530204,3.6257777295952054,4633.966666666666,2928.4209907198942
sbic,allenai/unifiedqa-t5-large,unified_qa_what_with_tags,24,60.82380952380952,2.6165832561774014,57.86713779256457,2.708999471115231,4633.966666666666,2928.4209907198947
sensemaking,allenai/unifiedqa-t5-base,unifiedqa_what,24,55.45714285714286,2.510223991956877,50.68725098740487,2.286580210172076,4633.966666666666,2928.4209907198942
sensemaking,allenai/unifiedqa-t5-large,unifiedqa_what,24,65.93333333333334,3.2204139112289876,60.48481001399812,2.98464292156185,4633.966666666666,2928.4209907198942 
