task_name,model_type,io_format,n_shots,dev_acc,dev_bertscore_correct_normalized,seed
ecqa,allenai/unifiedqa-t5-base,unifiedqa_matching,48,38.24824355971897,31.091276392166176,4678.5901639344265
ecqa,allenai/unifiedqa-t5-large,unifiedqa_matching,48,39.238095238095234,31.946050932293847,4633.966666666666
sbic,allenai/unifiedqa-t5-base,unified_qa_what_with_tags,24,52.881152460984396,50.766304990395206,4550.042016806723
sbic,allenai/unifiedqa-t5-large,unified_qa_what_with_tags,24,61.01948051948052,58.07769232252975,4522.340909090909
sensemaking,allenai/unifiedqa-t5-base,unifiedqa_what,24,55.45714285714286,50.68725098740487,4633.966666666666
sensemaking,allenai/unifiedqa-t5-large,unifiedqa_what,24,65.93333333333334,60.48481001399812,4633.966666666666
