,,,,dev_acc,dev_acc,dev_bertscore_correct_normalized,dev_bertscore_correct_normalized,seed,seed
,,,,mean,std,mean,std,mean,std
task_name,model_type,io_format,n_shots,,,,,,
esnli,t5-base,standard,16,56.362889983579635,3.421127524466787,51.12917515330452,3.0958275544914904,4601.142857142857,2868.813149083387
esnli,t5-large,standard,16,84.52380952380952,2.299339224006016,77.3392098820725,2.132657578736941,4601.142857142857,2868.8131490833875
sbic,allenai/unifiedqa-t5-base,unified_qa_what_with_tags,24,52.857142857142854,3.0211435030603195,50.78542787525929,2.8232428282562316,4601.142857142857,2868.813149083387
sbic,allenai/unifiedqa-t5-large,unified_qa_what_with_tags,24,60.44897959183673,2.373438093861934,57.457553539146375,2.4515159328872733,4601.142857142857,2868.8131490833875
