task_name,model_type,io_format,n_shots,dev_acc,dev_bertscore_correct_normalized,seed
esnli,t5-base,standard,16,56.968390804597696,51.665478806614416,4633.966666666666
esnli,t5-large,standard,16,84.96647509578544,77.75294832057423,4633.966666666666
sbic,allenai/unifiedqa-t5-base,unified_qa_what_with_tags,24,52.82380952380952,50.687459946530204,4633.966666666666
sbic,allenai/unifiedqa-t5-large,unified_qa_what_with_tags,24,60.82380952380952,57.86713779256457,4633.966666666666
