,,,,dev_acc,dev_acc,dev_bertscore_correct_normalized,dev_bertscore_correct_normalized,seed,seed
,,,,mean,std,mean,std,mean,std
task_name,model_type,io_format,n_shots,,,,,,
ecqa,allenai/unifiedqa-t5-base,unifiedqa_matching,48,38.24824355971897,2.534195922272362,31.091276392166176,2.0624139308087464,4678.5901639344265,2924.8146046166175
ecqa,allenai/unifiedqa-t5-large,unifiedqa_matching,48,39.238095238095234,3.731340576030425,31.946050932293847,3.0279655470085762,4633.966666666666,2928.4209907198947
sbic,allenai/unifiedqa-t5-base,unified_qa_what_with_tags,24,52.881152460984396,3.8618893621239234,50.766304990395206,3.6431722764207697,4550.042016806723,2907.971201858717
sbic,allenai/unifiedqa-t5-large,unified_qa_what_with_tags,24,61.01948051948052,2.7609775683147784,58.07769232252975,2.85420199979353,4522.340909090909,2897.116967726723
sensemaking,allenai/unifiedqa-t5-base,unifiedqa_what,24,55.45714285714286,2.510223991956877,50.68725098740487,2.286580210172076,4633.966666666666,2928.4209907198942
sensemaking,allenai/unifiedqa-t5-large,unifiedqa_what,24,65.93333333333334,3.2204139112289876,60.48481001399812,2.98464292156185,4633.966666666666,2928.4209907198942
