,,,,dev_acc,dev_acc,dev_bertscore_correct_normalized,dev_bertscore_correct_normalized,seed,seed
,,,,mean,std,mean,std,mean,std
task_name,model_type,io_format,n_shots,,,,,,
esnli,t5-base,standard,16,56.968390804597696,3.6561787001290096,51.665478806614416,3.4036453952584735,4633.966666666666,2928.4209907198942
esnli,t5-large,standard,16,84.96647509578544,1.9877440700856757,77.75294832057423,1.8143791331036778,4633.966666666666,2928.4209907198942
sbic,allenai/unifiedqa-t5-base,unified_qa_what_with_tags,24,52.82380952380952,3.8393209669847024,50.687459946530204,3.6257777295952054,4633.966666666666,2928.4209907198942
sbic,allenai/unifiedqa-t5-large,unified_qa_what_with_tags,24,60.82380952380952,2.6165832561774014,57.86713779256457,2.708999471115231,4633.966666666666,2928.4209907198947
