,dev_acc,dev_bertscore_correct_normalized,model_type,task_name,seed,n_shots,io_format
0,36.7816091954023,32.46766642249864,t5-base,esnli,9428,16,standard
1,44.252873563218394,39.27416863112614,t5-base,esnli,2175,16,standard
2,43.103448275862064,37.92672422768056,t5-base,esnli,4864,16,standard
3,38.793103448275865,34.356700945859664,t5-base,esnli,7004,16,standard
4,34.48275862068966,30.250591827535082,t5-base,esnli,4523,16,standard
5,41.37931034482759,36.654492185033604,t5-base,esnli,2689,16,standard
6,42.241379310344826,37.33573088358189,t5-base,esnli,7056,16,standard
