,,,,dev_acc,dev_acc,dev_bertscore_correct_normalized,dev_bertscore_correct_normalized
,,,,mean,std,mean,std
task_name,model_type,io_format,n_shots,,,,
ecqa,allenai/unifiedqa-t5-base,unifiedqa_matching,48,41.4065934065934,1.9841175917876674,33.67943019002349,1.60528668860352
ecqa,allenai/unifiedqa-t5-large,unifiedqa_matching,48,58.31527093596059,2.083877762993208,47.413277840966664,1.7036705079817869
sbic,allenai/unifiedqa-t5-base,unified_qa_what_with_tags,24,0.38596491228070173,0.3276984286452362,0.3245982606906939,0.2742121957907038
sbic,allenai/unifiedqa-t5-large,unified_qa_what_with_tags,24,0.04081632653061224,0.0999791731748236,0.03349474741488087,0.08204504022986406
sensemaking,allenai/unifiedqa-t5-base,unifiedqa_what,24,0.0,0.0,0.0,0.0
sensemaking,allenai/unifiedqa-t5-large,unifiedqa_what,24,5.371428571428572,2.519475164005555,4.49530599117279,2.1240792523685386
